{
  "best_metric": 0.3336826264858246,
  "best_model_checkpoint": "./final_model/checkpoint-250",
  "epoch": 3.0,
  "eval_steps": 500,
  "global_step": 375,
  "is_hyper_param_search": false,
  "is_local_process_zero": true,
  "is_world_process_zero": true,
  "log_history": [
    {
      "epoch": 1.0,
      "eval_accuracy": 0.858,
      "eval_f1": 0.8647619047619047,
      "eval_loss": 0.34977033734321594,
      "eval_precision": 0.8136200716845878,
      "eval_recall": 0.9227642276422764,
      "eval_runtime": 22.0786,
      "eval_samples_per_second": 22.646,
      "eval_steps_per_second": 1.449,
      "step": 125
    },
    {
      "epoch": 2.0,
      "eval_accuracy": 0.872,
      "eval_f1": 0.875968992248062,
      "eval_loss": 0.3336826264858246,
      "eval_precision": 0.837037037037037,
      "eval_recall": 0.9186991869918699,
      "eval_runtime": 14.4795,
      "eval_samples_per_second": 34.532,
      "eval_steps_per_second": 2.21,
      "step": 250
    },
    {
      "epoch": 3.0,
      "eval_accuracy": 0.878,
      "eval_f1": 0.8767676767676768,
      "eval_loss": 0.3653552234172821,
      "eval_precision": 0.8714859437751004,
      "eval_recall": 0.8821138211382114,
      "eval_runtime": 15.9886,
      "eval_samples_per_second": 31.272,
      "eval_steps_per_second": 2.001,
      "step": 375
    }
  ],
  "logging_steps": 500,
  "max_steps": 375,
  "num_input_tokens_seen": 0,
  "num_train_epochs": 3,
  "save_steps": 500,
  "total_flos": 794804391936000.0,
  "train_batch_size": 16,
  "trial_name": null,
  "trial_params": null
}
