{
    "eval_loss": 0.3336826264858246,
    "eval_model_preparation_time": 0.0037,
    "eval_accuracy": 0.872,
    "eval_f1": 0.875968992248062,
    "eval_precision": 0.837037037037037,
    "eval_recall": 0.9186991869918699,
    "eval_runtime": 50.1556,
    "eval_samples_per_second": 9.969,
    "eval_steps_per_second": 1.256
}
