{
    "eval_loss": 1.3235602378845215,
    "eval_model_preparation_time": 0.0042,
    "eval_accuracy": 0.55375,
    "eval_f1": 0.5470789695646188,
    "eval_precision": 0.5455234655612352,
    "eval_recall": 0.55375,
    "eval_runtime": 136.3969,
    "eval_samples_per_second": 11.73,
    "eval_steps_per_second": 1.466
}